create database clg_manag;
use clg_manag;
CREATE TABLE college_details (
    college_id INT PRIMARY KEY,           
    college_name VARCHAR(255) NOT NULL,
    address VARCHAR(255),
    city VARCHAR(100),
    state VARCHAR(100),
    postal_code VARCHAR(20),
    established_year DATE,
    contact_number VARCHAR(15),
    website VARCHAR(100)
);
INSERT INTO college_details (college_id, college_name, address, city, state, postal_code, established_year, contact_number, website) VALUES
(1, 'National Institute of Technology', '123 Main St', 'Mumbai', 'Maharashtra', '400001', '1960', '022-12345678', 'www.nit.ac.in');
select * from college_details;
CREATE TABLE course_details (
    course_id INT PRIMARY KEY,             
    course_name VARCHAR(255) NOT NULL,
    course_duration INT NOT NULL,          
    course_fee DECIMAL(10, 2),
    college_id INT,                        
    CONSTRAINT fk_college FOREIGN KEY (college_id) REFERENCES college_details(college_id)
);
INSERT INTO course_details (course_id, course_name, course_duration, course_fee, college_id) VALUES
(1, 'B.Tech', 4, 150000, 1),
(2, 'B.Sc', 3, 120000, 1),
(3, 'MBA', 2, 250000, 1),
(4, 'B.Com', 3, 100000, 1),
(5, 'BBA', 3, 180000, 1),
(6, 'M.Tech', 2, 200000, 1),
(7, 'M.Sc', 2, 140000, 1),
(8, 'MCA', 3, 180000, 1),
(9, 'M.Phil', 2, 120000, 1),
(10, 'Ph.D', 5, 0, 1),
(11, 'LLB', 3, 130000, 1),
(12, 'LLM', 2, 200000, 1),
(13, 'B.Ed', 2, 90000, 1),
(14, 'M.Ed', 2, 100000, 1),
(15, 'M.P.Ed', 2, 110000, 1),
(16, 'D.Pharm', 2, 85000, 1),
(17, 'B.Pharm', 4, 180000, 1),
(18, 'M.Pharm', 2, 220000, 1),
(19, 'B.Arch', 5, 300000, 1),
(20, 'M.Arch', 2, 320000, 1),
(21, 'BCA', 3, 150000, 1),
(22, 'BFA', 4, 180000, 1),
(23, 'MFA', 2, 200000, 1),
(24, 'BHM', 3, 210000, 1),
(25, 'B.Sc Nursing', 4, 150000, 1),
(26, 'M.Sc Nursing', 2, 170000, 1),
(27, 'BDS', 5, 350000, 1),
(28, 'MDS', 3, 400000, 1),
(29, 'MBBS', 5, 500000, 1),
(30, 'MD', 3, 600000, 1),
(31, 'BPT', 4, 190000, 1),
(32, 'MPT', 2, 210000, 1),
(33, 'BHMCT', 4, 250000, 1),
(34, 'MHMCT', 2, 300000, 1),
(35, 'B.Lib.Sc', 1, 50000, 1),
(36, 'M.Lib.Sc', 1, 70000, 1),
(37, 'B.J.M.C', 3, 180000, 1),
(38, 'M.J.M.C', 2, 210000, 1),
(39, 'BBA LLB', 5, 320000, 1),
(40, 'B.Tech IT', 4, 200000, 1),
(41, 'B.Tech Mechanical', 4, 250000, 1),
(42, 'B.Tech Civil', 4, 240000, 1),
(43, 'B.Tech Electrical', 4, 220000, 1),
(44, 'B.Tech Electronics', 4, 230000, 1),
(45, 'M.Tech Mechanical', 2, 270000, 1),
(46, 'M.Tech Civil', 2, 260000, 1),
(47, 'M.Tech Electrical', 2, 250000, 1),
(48, 'M.Tech Electronics', 2, 280000, 1),
(49, 'BFA Applied Arts', 4, 220000, 1),
(50, 'Law', 5, 300000, 1);
select * from course_details;
--employee details
CREATE TABLE employee_details (
    employee_id INT PRIMARY KEY,           
    employee_name VARCHAR(255) NOT NULL,
    gender CHAR(1),                         
    date_of_birth DATE,
    phone_number VARCHAR(15),
    email VARCHAR(100),
    hire_date DATE,
    position VARCHAR(255),                  
    department VARCHAR(100),
    salary DECIMAL(10, 2),
	--management_flag BOOLEAN,
	--faculty_flag BOOLEAN,
    college_id INT,                         
    CONSTRAINT Ik_college FOREIGN KEY (college_id) REFERENCES college_details(college_id)
);
INSERT INTO employee_details (employee_id, employee_name, gender, date_of_birth, phone_number, email, hire_date, position, department, salary, college_id) VALUES
(1, 'Dr. A Sharma', 'M', '1970-05-12', '9123456780', 'a.sharma@college.edu', '2000-06-15', 'Professor', 'Computer Science', 120000, 1),
(2, 'Dr. B Kumar', 'M', '1975-07-23', '9234567891', 'b.kumar@college.edu', '2002-08-20', 'Professor', 'Mechanical Engineering', 115000, 1),
(3, 'Prof. C Singh', 'F', '1980-02-14', '9345678912', 'c.singh@college.edu', '2005-05-12', 'Associate Professor', 'Physics', 95000, 1),
(4, 'Dr. D Verma', 'M', '1978-09-09', '9456789123', 'd.verma@college.edu', '2003-04-18', 'Professor', 'Business Administration', 110000, 1),
(5, 'Mr. E Rao', 'M', '1982-06-11', '9567891234', 'e.rao@college.edu', '2008-03-21', 'Assistant Professor', 'Accounting', 85000, 1),
(6, 'Prof. F Gupta', 'F', '1974-11-27', '9678912345', 'f.gupta@college.edu', '2001-07-22', 'Professor', 'Mathematics', 105000, 1),
(7, 'Dr. G Patil', 'M', '1981-01-05', '9789123456', 'g.patil@college.edu', '2004-09-05', 'Professor', 'Electrical Engineering', 115000, 1),
(8, 'Dr. H Iyer', 'M', '1973-03-17', '9891234567', 'h.iyer@college.edu', '1999-02-10', 'Professor', 'Civil Engineering', 118000, 1),
(9, 'Dr. I Bose', 'F', '1984-05-21', '9912345678', 'i.bose@college.edu', '2007-08-14', 'Associate Professor', 'Zoology', 92000, 1),
(10, 'Dr. J Desai', 'F', '1979-12-02', '9823456710', 'j.desai@college.edu', '2006-01-19', 'Professor', 'Botany', 100000, 1),
(11, 'Prof. K Singh', 'M', '1983-07-29', '9934567810', 'k.singh@college.edu', '2005-04-12', 'Associate Professor', 'Law', 98000, 1),
(12, 'Dr. L Agarwal', 'F', '1977-08-10', '9945678910', 'l.agarwal@college.edu', '2002-03-07', 'Professor', 'Pharmacy', 108000, 1),
(13, 'Prof. M Mehta', 'F', '1978-04-11', '9956789123', 'm.mehta@college.edu', '2006-07-25', 'Professor', 'Fine Arts', 99000, 1),
(14, 'Dr. N Nair', 'M', '1975-10-19', '9967891234', 'n.nair@college.edu', '2001-11-14', 'Professor', 'Nursing', 102000, 1),
(15, 'Prof. O Gupta', 'M', '1981-03-23', '9978912345', 'o.gupta@college.edu', '2008-05-28', 'Assistant Professor', 'Dentistry', 89000, 1),
(16, 'Dr. P Kapoor', 'M', '1976-11-01', '9989123456', 'p.kapoor@college.edu', '2003-06-30', 'Professor', 'Medicine', 115000, 1),
(17, 'Prof. Q Das', 'F', '1982-02-14', '9991234567', 'q.das@college.edu', '2007-09-22', 'Assistant Professor', 'Physiotherapy', 86000, 1),
(18, 'Dr. R Prasad', 'M', '1974-05-12', '9992345678', 'r.prasad@college.edu', '1999-12-05', 'Professor', 'Architecture', 110000, 1),
(19, 'Prof. S Thomas', 'M', '1979-06-21', '9993456789', 's.thomas@college.edu', '2004-07-19', 'Associate Professor', 'Hotel Management', 92000, 1),
(20, 'Dr. T Roy', 'F', '1980-11-14', '9994567891', 't.roy@college.edu', '2005-05-30', 'Professor', 'Journalism', 97000, 1),
(21, 'Prof. U Khanna', 'F', '1976-09-07', '9995678912', 'u.khanna@college.edu', '2002-08-16', 'Associate Professor', 'Library Science', 94000, 1),
(22, 'Dr. V Mishra', 'M', '1981-07-11', '9996789123', 'v.mishra@college.edu', '2007-06-29', 'Professor', 'Applied Arts', 106000, 1),
(23, 'Dr. W Desai', 'M', '1974-10-13', '9997891234', 'w.desai@college.edu', '1998-11-04', 'Professor', 'Sports Science', 100000, 1),
(24, 'Prof. X Sharma', 'M', '1980-05-18', '9998912345', 'x.sharma@college.edu', '2006-09-11', 'Associate Professor', 'Education', 92000, 1),
(25, 'Dr. Y Kumar', 'F', '1975-12-06', '9999123456', 'y.kumar@college.edu', '2003-04-23', 'Professor', 'Commerce', 110000, 1),
(26, 'Prof. Z Patel', 'M', '1982-01-22', '9123456710', 'z.patel@college.edu', '2006-07-30', 'Professor', 'Information Technology', 105000, 1),
(27, 'Mr. A Singh', 'M', '1978-03-16', '9234567810', 'a.singh@college.edu', '2004-06-17', 'Associate Professor', 'Environmental Science', 93000, 1),
(28, 'Dr. B Khan', 'M', '1976-11-22', '9345678910', 'b.khan@college.edu', '2001-10-05', 'Professor', 'Humanities', 107000, 1),
(29, 'Prof. C Naik', 'M', '1980-06-09', '9456789120', 'c.naik@college.edu', '2005-02-18', 'Assistant Professor', 'Social Work', 85000, 1),
(30, 'Dr. D Choudhury', 'F', '1975-12-30', '9567890123', 'd.choudhury@college.edu', '2003-03-14', 'Professor', 'Anthropology', 110000, 1),
(31, 'Prof. E Patil', 'F', '1983-08-19', '9678901234', 'e.patil@college.edu', '2008-04-15', 'Associate Professor', 'Sociology', 98000, 1),
(32, 'Dr. F Roy', 'M', '1981-09-04', '9789012345', 'f.roy@college.edu', '2004-11-26', 'Professor', 'Economics', 109000, 1),
(33, 'Prof. G Sharma', 'F', '1977-04-29', '9890123456', 'g.sharma@college.edu', '2002-02-20', 'Professor', 'Political Science', 112000, 1),
(34, 'Dr. H Joshi', 'M', '1982-03-12', '9911234567', 'h.joshi@college.edu', '2005-08-31', 'Associate Professor', 'Statistics', 95000, 1),
(35, 'Prof. I Mehta', 'M', '1980-10-08', '9922345678', 'i.mehta@college.edu', '2003-06-11', 'Professor', 'History', 104000, 1),
(36, 'Dr. J Nair', 'F', '1981-12-17', '9933456789', 'j.nair@college.edu', '2008-01-23', 'Professor', 'Philosophy', 115000, 1),
(37, 'Prof. K Singh', 'M', '1978-05-25', '9944567890', 'k.singh@college.edu', '2004-07-07', 'Assistant Professor', 'Public Administration', 87000, 1),
(38, 'Dr. L Mehta', 'F', '1974-11-11', '9955678901', 'l.mehta@college.edu', '2001-09-18', 'Professor', 'Linguistics', 107000, 1),
(39, 'Prof. M Agarwal', 'M', '1980-02-21', '9966789012', 'm.agarwal@college.edu', '2005-08-10', 'Associate Professor', 'Media Studies', 96000, 1),
(40, 'Dr. N Iyer', 'M', '1979-08-19', '9977890123', 'n.iyer@college.edu', '2003-02-14', 'Professor', 'International Relations', 112000, 1),
(41, 'Prof. O Verma', 'M', '1976-03-30', '9988901234', 'o.verma@college.edu', '2002-06-12', 'Assistant Professor', 'Criminology', 95000, 1),
(42, 'Dr. P Khanna', 'F', '1982-09-16', '9999012345', 'p.khanna@college.edu', '2007-10-08', 'Professor', 'Tourism', 108000, 1),
(43, 'Prof. Q Singh', 'M', '1978-12-01', '9910123456', 'q.singh@college.edu', '2004-11-25', 'Professor', 'Social Policy', 104000, 1),
(44, 'Dr. R Desai', 'F', '1980-06-22', '9921234567', 'r.desai@college.edu', '2002-08-01', 'Associate Professor', 'Urban Studies', 98000, 1),
(45, 'Prof. S Sharma', 'M', '1979-04-15', '9932345678', 's.sharma@college.edu', '2005-02-16', 'Assistant Professor', 'Development Studies', 87000, 1),
(46, 'Dr. T Varma', 'F', '1981-11-30', '9943456789', 't.varma@college.edu', '2006-10-19', 'Professor', 'Gender Studies', 109000, 1),
(47, 'Prof. U Menon', 'M', '1975-07-14', '9954567890', 'u.menon@college.edu', '2002-03-03', 'Professor', 'Cultural Studies', 112000, 1),
(48, 'Dr. V Sharma', 'M', '1976-09-11', '9965678901', 'v.sharma@college.edu', '2004-07-08', 'Associate Professor', 'Archaeology', 97000, 1),
(49, 'Prof. W Gupta', 'M', '1980-03-22', '9976789012', 'w.gupta@college.edu', '2003-11-29', 'Assistant Professor', 'Philosophy', 93000, 1),
(50, 'Dr. X Patil', 'F', '1982-12-15', '9987890123', 'x.patil@college.edu', '2005-09-14', 'Professor', 'Public Administration', 115000, 1);
select * from employee_details;
CREATE TABLE branch_details (
    branch_id INT PRIMARY KEY,             
    branch_name VARCHAR(255) NOT NULL,
    course_id INT,                         
    branch_head VARCHAR(255),             
    employee_id INT,                      
    CONSTRAINT fk_course FOREIGN KEY (course_id) REFERENCES course_details(course_id),
    CONSTRAINT fk_employee FOREIGN KEY (employee_id) REFERENCES employee_details(employee_id)
);
INSERT INTO branch_details (branch_id, branch_name, course_id, branch_head, employee_id) VALUES
(1, 'Computer Science', 1, 'Dr. A Sharma', 1),
(2, 'Mechanical Engineering', 1, 'Dr. B Kumar', 2),
(3, 'Physics', 2, 'Prof. C Singh', 3),
(4, 'Business Administration', 3, 'Dr. D Verma', 4),
(5, 'Accounting', 4, 'Mr. E Rao', 5),
(6, 'Mathematics', 2, 'Prof. F Gupta', 6),
(7, 'Electrical Engineering', 1, 'Dr. G Patil', 7),
(8, 'Civil Engineering', 1, 'Dr. H Iyer', 8),
(9, 'Zoology', 2, 'Dr. I Bose', 9),
(10, 'Botany', 2, 'Dr. J Desai', 10),
(11, 'Law', 11, 'Prof. K Singh', 11),
(12, 'Pharmacy', 16, 'Dr. L Agarwal', 12),
(13, 'Fine Arts', 22, 'Prof. M Mehta', 13),
(14, 'Nursing', 25, 'Dr. N Nair', 14),
(15, 'Dentistry', 27, 'Prof. O Gupta', 15),
(16, 'Medicine', 29, 'Dr. P Kapoor', 16),
(17, 'Physiotherapy', 31, 'Prof. Q Das', 17),
(18, 'Architecture', 19, 'Dr. R Prasad', 18),
(19, 'Hotel Management', 24, 'Prof. S Thomas', 19),
(20, 'Journalism', 37, 'Dr. T Roy', 20),
(21, 'Library Science', 35, 'Prof. U Khanna', 21),
(22, 'Applied Arts', 49, 'Dr. V Mishra', 22),
(23, 'Sports Science', 15, 'Dr. W Desai', 23),
(24, 'Education', 13, 'Prof. X Sharma', 24),
(25, 'Commerce', 4, 'Dr. Y Kumar', 25),
(26, 'Information Technology', 40, 'Prof. Z Patel', 26),
(27, 'Environmental Science', 2, 'Dr. A Sharma', 27),
(28, 'Humanities', 2, 'Dr. B Kumar', 28),
(29, 'Social Work', 3, 'Prof. C Singh', 29),
(30, 'Psychology', 2, 'Dr. D Verma', 30),
(31, 'Sociology', 2, 'Prof. E Rao', 31),
(32, 'Anthropology', 2, 'Dr. F Gupta', 32),
(33, 'Microbiology', 9, 'Dr. G Patil', 33),
(34, 'Biotechnology', 9, 'Dr. H Iyer', 34),
(35, 'Geology', 2, 'Dr. I Bose', 35),
(36, 'Geography', 2, 'Dr. J Desai', 36),
(37, 'Statistics', 6, 'Prof. K Singh', 37),
(38, 'Political Science', 2, 'Dr. L Agarwal', 38),
(39, 'History', 2, 'Prof. M Mehta', 39),
(40, 'Public Administration', 3, 'Dr. N Nair', 40),
(41, 'Economics', 2, 'Prof. O Gupta', 41),
(42, 'English', 2, 'Dr. P Kapoor', 42),
(43, 'Hindi', 2, 'Prof. Q Das', 43),
(44, 'French', 2, 'Dr. R Prasad', 44),
(45, 'Spanish', 2, 'Prof. S Thomas', 45),
(46, 'German', 2, 'Dr. T Roy', 46),
(47, 'Japanese', 2, 'Prof. U Khanna', 47),
(48, 'Chinese', 2, 'Dr. V Mishra', 48),
(49, 'Russian', 2, 'Dr. W Desai', 49),
(50, 'Law', 50, 'Prof. Z Desai', 50);
select * from branch_details;
CREATE TABLE student_details (
    student_id INT PRIMARY KEY,            
    student_name VARCHAR(255) NOT NULL,
    gender CHAR(1),                        
    date_of_birth DATE,
    phone_number VARCHAR(15),
    email VARCHAR(100),
    branch_id INT,                        
    course_id INT,                         
    college_id INT,                        
    enrollment_year DATE,
    graduation_year DATE,
    CONSTRAINT Sk_branch FOREIGN KEY (branch_id) REFERENCES branch_details(branch_id),
    CONSTRAINT Kk_course FOREIGN KEY (course_id) REFERENCES course_details(course_id),
    CONSTRAINT Ok_college FOREIGN KEY (college_id) REFERENCES college_details(college_id)
);
INSERT INTO student_details (student_id, student_name, gender, date_of_birth, phone_number, email, branch_id, course_id, college_id, enrollment_year, graduation_year) VALUES


(41, 'Vani Iyer', 'F', '1999-08-06', '9876543212', 'vani.iyer@student.edu', 1, 3, 1, '2018-09-01', '2022-06-30'),
(42, 'Rajat Singh', 'M', '2001-09-07', '9876543213', 'rajat.singh@student.edu', 2, 4, 1, '2019-09-01', '2023-06-30'),
(43, 'Ankita Gupta', 'F', '2000-10-08', '9876543214', 'ankita.gupta@student.edu', 1, 1, 1, '2018-09-01', '2022-06-30'),
(44, 'Parth Yadav', 'M', '2001-11-09', '9876543215', 'parth.yadav@student.edu', 2, 2, 1, '2019-09-01', '2023-06-30'),
(45, 'Neha Sharma', 'F', '1999-12-10', '9876543216', 'neha.sharma@student.edu', 3, 4, 1, '2018-09-01', '2022-06-30'),
(46, 'Kartik Mehta', 'M', '2000-01-11', '9876543217', 'kartik.mehta@student.edu', 1, 1, 1, '2019-09-01', '2023-06-30'),
(47, 'Shruti Jain', 'F', '2001-02-12', '9876543218', 'shruti.jain@student.edu', 2, 2, 1, '2019-09-01', '2023-06-30'),
(48, 'Siddharth Kapoor', 'M', '1999-03-13', '9876543219', 'siddharth.kapoor@student.edu', 1, 3, 1, '2018-09-01', '2022-06-30'),
(49, 'Riya Reddy', 'F', '2000-04-14', '9876543201', 'riya.reddy@student.edu', 3, 4, 1, '2019-09-01', '2023-06-30'),
(50, 'Gaurav Agrawal', 'M', '2001-05-15', '9876543202', 'gaurav.agrawal@student.edu', 2, 1, 1, '2019-09-01', '2023-06-30');
select * from student_details;